<ImportExportXml version="9.1.0.21941" SolutionPackageVersion="9.1" languagecode="1033" generatedBy="CrmLive" xmlns:xsi="http://www.w3.org/2001/XMLSchema-instance">
  <SolutionManifest>
    <UniqueName>BareBonesSalesCore</UniqueName>
    <LocalizedNames>
      <LocalizedName description="BareBones - Sales Core" languagecode="1033" />
    </LocalizedNames>
    <Descriptions />
    <Version>1.0.0.0</Version>
    <Managed>0</Managed>
    <Publisher>
      <UniqueName>barebonescrm</UniqueName>
      <LocalizedNames>
        <LocalizedName description="BareBones CRM" languagecode="1033" />
      </LocalizedNames>
      <Descriptions>
        <Description description="Barebones CRM is a simplified Open Source CRM solution for Microsoft's Power Platform." languagecode="1033" />
      </Descriptions>
      <EMailAddress>hello@barebonescrm.com</EMailAddress>
      <SupportingWebsiteUrl>https://www.barebonescrm.com</SupportingWebsiteUrl>
      <CustomizationPrefix>hdn</CustomizationPrefix>
      <CustomizationOptionValuePrefix>75224</CustomizationOptionValuePrefix>
      <Addresses>
        <Address>
          <AddressNumber>1</AddressNumber>
          <AddressTypeCode>1</AddressTypeCode>
          <City xsi:nil="true"></City>
          <County xsi:nil="true"></County>
          <Country xsi:nil="true"></Country>
          <Fax xsi:nil="true"></Fax>
          <FreightTermsCode xsi:nil="true"></FreightTermsCode>
          <ImportSequenceNumber xsi:nil="true"></ImportSequenceNumber>
          <Latitude xsi:nil="true"></Latitude>
          <Line1 xsi:nil="true"></Line1>
          <Line2 xsi:nil="true"></Line2>
          <Line3 xsi:nil="true"></Line3>
          <Longitude xsi:nil="true"></Longitude>
          <Name xsi:nil="true"></Name>
          <PostalCode xsi:nil="true"></PostalCode>
          <PostOfficeBox xsi:nil="true"></PostOfficeBox>
          <PrimaryContactName xsi:nil="true"></PrimaryContactName>
          <ShippingMethodCode>1</ShippingMethodCode>
          <StateOrProvince xsi:nil="true"></StateOrProvince>
          <Telephone1 xsi:nil="true"></Telephone1>
          <Telephone2 xsi:nil="true"></Telephone2>
          <Telephone3 xsi:nil="true"></Telephone3>
          <TimeZoneRuleVersionNumber xsi:nil="true"></TimeZoneRuleVersionNumber>
          <UPSZone xsi:nil="true"></UPSZone>
          <UTCOffset xsi:nil="true"></UTCOffset>
          <UTCConversionTimeZoneCode xsi:nil="true"></UTCConversionTimeZoneCode>
        </Address>
        <Address>
          <AddressNumber>2</AddressNumber>
          <AddressTypeCode>1</AddressTypeCode>
          <City xsi:nil="true"></City>
          <County xsi:nil="true"></County>
          <Country xsi:nil="true"></Country>
          <Fax xsi:nil="true"></Fax>
          <FreightTermsCode xsi:nil="true"></FreightTermsCode>
          <ImportSequenceNumber xsi:nil="true"></ImportSequenceNumber>
          <Latitude xsi:nil="true"></Latitude>
          <Line1 xsi:nil="true"></Line1>
          <Line2 xsi:nil="true"></Line2>
          <Line3 xsi:nil="true"></Line3>
          <Longitude xsi:nil="true"></Longitude>
          <Name xsi:nil="true"></Name>
          <PostalCode xsi:nil="true"></PostalCode>
          <PostOfficeBox xsi:nil="true"></PostOfficeBox>
          <PrimaryContactName xsi:nil="true"></PrimaryContactName>
          <ShippingMethodCode>1</ShippingMethodCode>
          <StateOrProvince xsi:nil="true"></StateOrProvince>
          <Telephone1 xsi:nil="true"></Telephone1>
          <Telephone2 xsi:nil="true"></Telephone2>
          <Telephone3 xsi:nil="true"></Telephone3>
          <TimeZoneRuleVersionNumber xsi:nil="true"></TimeZoneRuleVersionNumber>
          <UPSZone xsi:nil="true"></UPSZone>
          <UTCOffset xsi:nil="true"></UTCOffset>
          <UTCConversionTimeZoneCode xsi:nil="true"></UTCConversionTimeZoneCode>
        </Address>
      </Addresses>
    </Publisher>
    <RootComponents>
      <RootComponent type="1" schemaName="account" behavior="1" />
      <RootComponent type="1" schemaName="contact" behavior="1" />
      <RootComponent type="1" schemaName="hdn_campaign" behavior="0" />
      <RootComponent type="1" schemaName="hdn_lead" behavior="0" />
      <RootComponent type="1" schemaName="hdn_opportunity" behavior="0" />
      <RootComponent type="1" schemaName="hdn_opportunityclose" behavior="0" />
      <RootComponent type="9" schemaName="hdn_budgetstatus" behavior="0" />
      <RootComponent type="9" schemaName="hdn_opportunityclosurereason" behavior="0" />
      <RootComponent type="9" schemaName="hdn_preferredcontactmethodcode" behavior="0" />
      <RootComponent type="9" schemaName="hdn_purchaseprocess" behavior="0" />
      <RootComponent type="9" schemaName="hdn_purchasetimeframe" behavior="0" />
      <RootComponent type="20" id="{922c39e5-b901-ea11-a811-000d3a530b47}" behavior="0" />
      <RootComponent type="29" id="{856df117-7563-43c5-8f8b-af27e61f0001}" behavior="0" />
      <RootComponent type="60" id="{15103cc6-fac7-4ba0-acae-180f13906039}" behavior="0" />
      <RootComponent type="60" id="{4f898413-f921-414b-a9df-ae82fd1e6b42}" behavior="0" />
      <RootComponent type="60" id="{669d7ea9-7560-401a-a02f-76cd34c19c67}" behavior="0" />
      <RootComponent type="60" id="{8448b78f-8f42-454e-8e2a-f8196b0419af}" />
      <RootComponent type="60" id="{d1cb4572-097e-47f9-abca-f11800113c75}" behavior="0" />
      <RootComponent type="60" id="{e65d0ae3-b307-ea11-a811-000d3a530b47}" behavior="0" />
      <RootComponent type="61" schemaName="hdn_campaignIcon" behavior="0" />
      <RootComponent type="61" schemaName="hdn_lead" behavior="0" />
      <RootComponent type="61" schemaName="hdn_leadicon" behavior="0" />
      <RootComponent type="61" schemaName="hdn_oppclose" behavior="0" />
      <RootComponent type="61" schemaName="hdn_opportunityIcon" behavior="0" />
      <RootComponent type="61" schemaName="hdn_OpportunityJS" behavior="0" />
      <RootComponent type="61" schemaName="hdn_OpportunityLost" behavior="0" />
      <RootComponent type="61" schemaName="hdn_OpportunityWon" behavior="0" />
      <RootComponent type="91" id="{336de1bf-711f-4c51-ad54-1044c2c25666}" schemaName="BareBonesSales, Version=1.0.0.0, Culture=neutral, PublicKeyToken=8c6a8681b3a06057" behavior="0" />
      <RootComponent type="92" id="{94d2b006-ff02-ea11-a811-000d3a5303f9}" behavior="0" />
      <RootComponent type="92" id="{c9df0cfd-fe02-ea11-a811-000d3a5303f9}" behavior="0" />
    </RootComponents>
    <MissingDependencies>
      <MissingDependency>
        <Required key="0" type="1" schemaName="hdn_case" displayName="Case" solution="Active" />
        <Dependent key="1" type="60" displayName="Account" parentDisplayName="Account" id="{8448b78f-8f42-454e-8e2a-f8196b0419af}" />
      </MissingDependency>
      <MissingDependency>
        <Required key="2" type="10" schemaName="hdn_account_hdn_Case_Customer" displayName="hdn_account_hdn_Case_Customer" parentSchemaName="account" parentDisplayName="Account" solution="Active" />
        <Dependent key="1" type="60" displayName="Account" parentDisplayName="Account" id="{8448b78f-8f42-454e-8e2a-f8196b0419af}" />
      </MissingDependency>
      <MissingDependency>
        <Required key="3" type="26" schemaName="My Current Cases" displayName="My Current Cases" parentSchemaName="hdn_case" parentDisplayName="Case" solution="Active" id="{e5495b3d-ddff-e911-a811-000d3a530b47}" />
        <Dependent key="1" type="60" displayName="Account" parentDisplayName="Account" id="{8448b78f-8f42-454e-8e2a-f8196b0419af}" />
      </MissingDependency>
      <MissingDependency>
        <Required key="4" type="59" schemaName="Case Mix (By Case Type)" displayName="Case Mix (By Case Type)" parentSchemaName="hdn_case" parentDisplayName="Case" solution="Active" id="{d683ade6-3206-ea11-a811-000d3a530b47}" />
        <Dependent key="1" type="60" displayName="Account" parentDisplayName="Account" id="{8448b78f-8f42-454e-8e2a-f8196b0419af}" />
      </MissingDependency>
      <MissingDependency>
        <Required key="1" type="60" displayName="Account" parentDisplayName="Account" solution="msdynce_AppCommon (9.0.4.0066)" id="{8448b78f-8f42-454e-8e2a-f8196b0419af}" />
        <Dependent key="1" type="60" displayName="Account" parentDisplayName="Account" id="{8448b78f-8f42-454e-8e2a-f8196b0419af}" />
      </MissingDependency>
      <MissingDependency>
        <Required key="5" type="60" displayName="account contact card" parentDisplayName="Contact" solution="msdynce_AppCommon (9.0.4.0066)" id="{29de27bc-a257-4f29-99cf-bab4a84e688f}" />
        <Dependent key="1" type="60" displayName="Account" parentDisplayName="Account" id="{8448b78f-8f42-454e-8e2a-f8196b0419af}" />
      </MissingDependency>
      <MissingDependency>
        <Required key="6" type="66" schemaName="MscrmControls.CardFeedContainer.CardFeedContainer" displayName="MscrmControls.CardFeedContainer.CardFeedContainer" solution="CustomControlsCore (9.1.0000.21941)" />
        <Dependent key="1" type="60" displayName="Account" parentDisplayName="Account" id="{8448b78f-8f42-454e-8e2a-f8196b0419af}" />
      </MissingDependency>
      <MissingDependency>
        <Required key="7" type="60" displayName="account card" parentDisplayName="Account" solution="msdynce_AppCommon (9.0.4.0066)" id="{b028db32-3619-48a5-ac51-cf3f947b0ef3}" />
        <Dependent key="8" type="60" displayName="Information" parentDisplayName="Opportunity" id="{669d7ea9-7560-401a-a02f-76cd34c19c67}" />
      </MissingDependency>
      <MissingDependency>
        <Required key="9" type="60" displayName="contact card" parentDisplayName="Contact" solution="msdynce_AppCommon (9.0.4.0066)" id="{707fc57b-c5e6-471b-a180-e37ed28a38e2}" />
        <Dependent key="8" type="60" displayName="Information" parentDisplayName="Opportunity" id="{669d7ea9-7560-401a-a02f-76cd34c19c67}" />
      </MissingDependency>
      <MissingDependency>
        <Required key="10" type="66" schemaName="Intelligence.BusinessCardReaderControl.BusinessCardReader" displayName="Intelligence.BusinessCardReaderControl.BusinessCardReader" solution="BaseCustomControlsCore (9.0.2008.2008)" />
        <Dependent key="11" type="60" displayName="New Form" parentDisplayName="Lead" id="{15103cc6-fac7-4ba0-acae-180f13906039}" />
      </MissingDependency>
    </MissingDependencies>
  </SolutionManifest>
</ImportExportXml>