<ImportExportXml version="9.1.0.21941" SolutionPackageVersion="9.1" languagecode="1033" generatedBy="CrmLive" xmlns:xsi="http://www.w3.org/2001/XMLSchema-instance">
  <SolutionManifest>
    <UniqueName>BareBonesCRM</UniqueName>
    <LocalizedNames>
      <LocalizedName description="BareBones - CRM" languagecode="1033" />
    </LocalizedNames>
    <Descriptions />
    <Version>1.0.0.0</Version>
    <Managed>0</Managed>
    <Publisher>
      <UniqueName>barebonescrm</UniqueName>
      <LocalizedNames>
        <LocalizedName description="BareBones CRM" languagecode="1033" />
      </LocalizedNames>
      <Descriptions>
        <Description description="Barebones CRM is a simplified Open Source CRM solution for Microsoft's Power Platform." languagecode="1033" />
      </Descriptions>
      <EMailAddress>hello@barebonescrm.com</EMailAddress>
      <SupportingWebsiteUrl>https://www.barebonescrm.com</SupportingWebsiteUrl>
      <CustomizationPrefix>hdn</CustomizationPrefix>
      <CustomizationOptionValuePrefix>75224</CustomizationOptionValuePrefix>
      <Addresses>
        <Address>
          <AddressNumber>1</AddressNumber>
          <AddressTypeCode>1</AddressTypeCode>
          <City xsi:nil="true"></City>
          <County xsi:nil="true"></County>
          <Country xsi:nil="true"></Country>
          <Fax xsi:nil="true"></Fax>
          <FreightTermsCode xsi:nil="true"></FreightTermsCode>
          <ImportSequenceNumber xsi:nil="true"></ImportSequenceNumber>
          <Latitude xsi:nil="true"></Latitude>
          <Line1 xsi:nil="true"></Line1>
          <Line2 xsi:nil="true"></Line2>
          <Line3 xsi:nil="true"></Line3>
          <Longitude xsi:nil="true"></Longitude>
          <Name xsi:nil="true"></Name>
          <PostalCode xsi:nil="true"></PostalCode>
          <PostOfficeBox xsi:nil="true"></PostOfficeBox>
          <PrimaryContactName xsi:nil="true"></PrimaryContactName>
          <ShippingMethodCode>1</ShippingMethodCode>
          <StateOrProvince xsi:nil="true"></StateOrProvince>
          <Telephone1 xsi:nil="true"></Telephone1>
          <Telephone2 xsi:nil="true"></Telephone2>
          <Telephone3 xsi:nil="true"></Telephone3>
          <TimeZoneRuleVersionNumber xsi:nil="true"></TimeZoneRuleVersionNumber>
          <UPSZone xsi:nil="true"></UPSZone>
          <UTCOffset xsi:nil="true"></UTCOffset>
          <UTCConversionTimeZoneCode xsi:nil="true"></UTCConversionTimeZoneCode>
        </Address>
        <Address>
          <AddressNumber>2</AddressNumber>
          <AddressTypeCode>1</AddressTypeCode>
          <City xsi:nil="true"></City>
          <County xsi:nil="true"></County>
          <Country xsi:nil="true"></Country>
          <Fax xsi:nil="true"></Fax>
          <FreightTermsCode xsi:nil="true"></FreightTermsCode>
          <ImportSequenceNumber xsi:nil="true"></ImportSequenceNumber>
          <Latitude xsi:nil="true"></Latitude>
          <Line1 xsi:nil="true"></Line1>
          <Line2 xsi:nil="true"></Line2>
          <Line3 xsi:nil="true"></Line3>
          <Longitude xsi:nil="true"></Longitude>
          <Name xsi:nil="true"></Name>
          <PostalCode xsi:nil="true"></PostalCode>
          <PostOfficeBox xsi:nil="true"></PostOfficeBox>
          <PrimaryContactName xsi:nil="true"></PrimaryContactName>
          <ShippingMethodCode>1</ShippingMethodCode>
          <StateOrProvince xsi:nil="true"></StateOrProvince>
          <Telephone1 xsi:nil="true"></Telephone1>
          <Telephone2 xsi:nil="true"></Telephone2>
          <Telephone3 xsi:nil="true"></Telephone3>
          <TimeZoneRuleVersionNumber xsi:nil="true"></TimeZoneRuleVersionNumber>
          <UPSZone xsi:nil="true"></UPSZone>
          <UTCOffset xsi:nil="true"></UTCOffset>
          <UTCConversionTimeZoneCode xsi:nil="true"></UTCConversionTimeZoneCode>
        </Address>
      </Addresses>
    </Publisher>
    <RootComponents>
      <RootComponent type="50" schemaName=":RibbonDiffXml" behavior="0" />
      <RootComponent type="60" id="{06db91b3-3c06-ea11-a811-000d3a530b47}" behavior="0" />
      <RootComponent type="61" schemaName="hdn_barebonesCRMLLogo" behavior="0" />
      <RootComponent type="62" schemaName="hdn_BareBonesCRM" behavior="0" />
      <RootComponent type="80" schemaName="hdn_BareBonesCRM" behavior="0" />
    </RootComponents>
    <MissingDependencies>
      <MissingDependency>
        <Required key="0" type="1" schemaName="hdn_case" displayName="Case" solution="Active" />
        <Dependent key="1" type="60" displayName="Customer Service Representative" id="{06db91b3-3c06-ea11-a811-000d3a530b47}" />
      </MissingDependency>
      <MissingDependency>
        <Required key="2" type="26" schemaName="My Resolved Cases" displayName="My Resolved Cases" parentSchemaName="hdn_case" parentDisplayName="Case" solution="Active" id="{e28658bf-3606-ea11-a811-000d3a530b47}" />
        <Dependent key="1" type="60" displayName="Customer Service Representative" id="{06db91b3-3c06-ea11-a811-000d3a530b47}" />
      </MissingDependency>
      <MissingDependency>
        <Required key="3" type="26" schemaName="My Current Cases" displayName="My Current Cases" parentSchemaName="hdn_case" parentDisplayName="Case" solution="Active" id="{e5495b3d-ddff-e911-a811-000d3a530b47}" />
        <Dependent key="1" type="60" displayName="Customer Service Representative" id="{06db91b3-3c06-ea11-a811-000d3a530b47}" />
      </MissingDependency>
      <MissingDependency>
        <Required key="4" type="59" schemaName="Case Resolution Trend" displayName="Case Resolution Trend" parentSchemaName="hdn_case" parentDisplayName="Case" solution="Active" id="{3e29521b-3706-ea11-a811-000d3a530b47}" />
        <Dependent key="1" type="60" displayName="Customer Service Representative" id="{06db91b3-3c06-ea11-a811-000d3a530b47}" />
      </MissingDependency>
      <MissingDependency>
        <Required key="5" type="59" schemaName="Case Mix (By Priority)" displayName="Case Mix (By Priority)" parentSchemaName="hdn_case" parentDisplayName="Case" solution="Active" id="{129d32d5-3206-ea11-a811-000d3a530b47}" />
        <Dependent key="1" type="60" displayName="Customer Service Representative" id="{06db91b3-3c06-ea11-a811-000d3a530b47}" />
      </MissingDependency>
      <MissingDependency>
        <Required key="6" type="59" schemaName="Case Mix (By Case Type)" displayName="Case Mix (By Case Type)" parentSchemaName="hdn_case" parentDisplayName="Case" solution="Active" id="{d683ade6-3206-ea11-a811-000d3a530b47}" />
        <Dependent key="1" type="60" displayName="Customer Service Representative" id="{06db91b3-3c06-ea11-a811-000d3a530b47}" />
      </MissingDependency>
      <MissingDependency>
        <Required key="7" type="1" schemaName="hdn_prioritysetting" displayName="Priority Setting" solution="Active" />
        <Dependent key="8" type="80" schemaName="hdn_BareBonesCRM" displayName="Bare Bones CRM" />
      </MissingDependency>
      <MissingDependency>
        <Required key="0" type="1" schemaName="hdn_case" displayName="Case" solution="Active" />
        <Dependent key="8" type="80" schemaName="hdn_BareBonesCRM" displayName="Bare Bones CRM" />
      </MissingDependency>
      <MissingDependency>
        <Required key="9" type="1" schemaName="hdn_opportunity" displayName="Opportunity" solution="Active" />
        <Dependent key="8" type="80" schemaName="hdn_BareBonesCRM" displayName="Bare Bones CRM" />
      </MissingDependency>
      <MissingDependency>
        <Required key="10" type="1" schemaName="hdn_casetype" displayName="Case Type" solution="Active" />
        <Dependent key="8" type="80" schemaName="hdn_BareBonesCRM" displayName="Bare Bones CRM" />
      </MissingDependency>
      <MissingDependency>
        <Required key="11" type="1" schemaName="hdn_campaign" displayName="Campaign" solution="Active" />
        <Dependent key="8" type="80" schemaName="hdn_BareBonesCRM" displayName="Bare Bones CRM" />
      </MissingDependency>
      <MissingDependency>
        <Required key="12" type="1" schemaName="hdn_lead" displayName="Lead" solution="Active" />
        <Dependent key="8" type="80" schemaName="hdn_BareBonesCRM" displayName="Bare Bones CRM" />
      </MissingDependency>
      <MissingDependency>
        <Required key="13" type="26" schemaName="Opportunity Lookup View" displayName="Opportunity Lookup View" parentSchemaName="hdn_opportunity" parentDisplayName="Opportunity" solution="Active" id="{059f8fef-f0be-47be-a355-0e82a4084aa9}" />
        <Dependent key="8" type="80" schemaName="hdn_BareBonesCRM" displayName="Bare Bones CRM" />
      </MissingDependency>
      <MissingDependency>
        <Required key="14" type="26" schemaName="Opportunity Associated View" displayName="Opportunity Associated View" parentSchemaName="hdn_opportunity" parentDisplayName="Opportunity" solution="Active" id="{e2a50147-edee-479f-9d5c-cf87beda03ea}" />
        <Dependent key="8" type="80" schemaName="hdn_BareBonesCRM" displayName="Bare Bones CRM" />
      </MissingDependency>
      <MissingDependency>
        <Required key="15" type="26" schemaName="Active Opportunities" displayName="Active Opportunities" parentSchemaName="hdn_opportunity" parentDisplayName="Opportunity" solution="Active" id="{db79b64b-8836-4f55-acff-bb5b5f647118}" />
        <Dependent key="8" type="80" schemaName="hdn_BareBonesCRM" displayName="Bare Bones CRM" />
      </MissingDependency>
      <MissingDependency>
        <Required key="16" type="26" schemaName="My Active Opportunities" displayName="My Active Opportunities" parentSchemaName="hdn_opportunity" parentDisplayName="Opportunity" solution="Active" id="{c57fb23b-9307-ea11-a811-000d3a530b47}" />
        <Dependent key="8" type="80" schemaName="hdn_BareBonesCRM" displayName="Bare Bones CRM" />
      </MissingDependency>
      <MissingDependency>
        <Required key="17" type="26" schemaName="Opportunity Advanced Find View" displayName="Opportunity Advanced Find View" parentSchemaName="hdn_opportunity" parentDisplayName="Opportunity" solution="Active" id="{caea5f06-3dba-4e27-bdd4-7edd9c4b30aa}" />
        <Dependent key="8" type="80" schemaName="hdn_BareBonesCRM" displayName="Bare Bones CRM" />
      </MissingDependency>
      <MissingDependency>
        <Required key="18" type="26" schemaName="My Closed Opportunities This Fiscal Year" displayName="My Closed Opportunities This Fiscal Year" parentSchemaName="hdn_opportunity" parentDisplayName="Opportunity" solution="Active" id="{a16bfd75-a107-ea11-a811-000d3a530b47}" />
        <Dependent key="8" type="80" schemaName="hdn_BareBonesCRM" displayName="Bare Bones CRM" />
      </MissingDependency>
      <MissingDependency>
        <Required key="19" type="26" schemaName="Active PrioritySettings" displayName="Active PrioritySettings" parentSchemaName="hdn_prioritysetting" parentDisplayName="Priority Setting" solution="Active" id="{3bd4918e-a2aa-4110-8903-7429ec8f31b7}" />
        <Dependent key="8" type="80" schemaName="hdn_BareBonesCRM" displayName="Bare Bones CRM" />
      </MissingDependency>
      <MissingDependency>
        <Required key="20" type="26" schemaName="Opportunities Closing Next 30 Days" displayName="Opportunities Closing Next 30 Days" parentSchemaName="hdn_opportunity" parentDisplayName="Opportunity" solution="Active" id="{079c2dab-a107-ea11-a811-000d3a530b47}" />
        <Dependent key="8" type="80" schemaName="hdn_BareBonesCRM" displayName="Bare Bones CRM" />
      </MissingDependency>
      <MissingDependency>
        <Required key="21" type="26" schemaName="Opportunities Opened Last Week" displayName="Opportunities Opened Last Week" parentSchemaName="hdn_opportunity" parentDisplayName="Opportunity" solution="Active" id="{05c5f0d1-a107-ea11-a811-000d3a530b47}" />
        <Dependent key="8" type="80" schemaName="hdn_BareBonesCRM" displayName="Bare Bones CRM" />
      </MissingDependency>
      <MissingDependency>
        <Required key="22" type="26" schemaName="Active Leads" displayName="Active Leads" parentSchemaName="hdn_lead" parentDisplayName="Lead" solution="Active" id="{eb1717e9-bfa3-4406-8352-22a51a70ed58}" />
        <Dependent key="8" type="80" schemaName="hdn_BareBonesCRM" displayName="Bare Bones CRM" />
      </MissingDependency>
      <MissingDependency>
        <Required key="3" type="26" schemaName="My Current Cases" displayName="My Current Cases" parentSchemaName="hdn_case" parentDisplayName="Case" solution="Active" id="{e5495b3d-ddff-e911-a811-000d3a530b47}" />
        <Dependent key="8" type="80" schemaName="hdn_BareBonesCRM" displayName="Bare Bones CRM" />
      </MissingDependency>
      <MissingDependency>
        <Required key="23" type="26" schemaName="Opportunities Opened This Week" displayName="Opportunities Opened This Week" parentSchemaName="hdn_opportunity" parentDisplayName="Opportunity" solution="Active" id="{d88058de-a107-ea11-a811-000d3a530b47}" />
        <Dependent key="8" type="80" schemaName="hdn_BareBonesCRM" displayName="Bare Bones CRM" />
      </MissingDependency>
      <MissingDependency>
        <Required key="24" type="26" schemaName="Case Associated View" displayName="Case Associated View" parentSchemaName="hdn_case" parentDisplayName="Case" solution="Active" id="{b940131c-994e-4d1b-94bd-a670c46c7ea1}" />
        <Dependent key="8" type="80" schemaName="hdn_BareBonesCRM" displayName="Bare Bones CRM" />
      </MissingDependency>
      <MissingDependency>
        <Required key="2" type="26" schemaName="My Resolved Cases" displayName="My Resolved Cases" parentSchemaName="hdn_case" parentDisplayName="Case" solution="Active" id="{e28658bf-3606-ea11-a811-000d3a530b47}" />
        <Dependent key="8" type="80" schemaName="hdn_BareBonesCRM" displayName="Bare Bones CRM" />
      </MissingDependency>
      <MissingDependency>
        <Required key="5" type="59" schemaName="Case Mix (By Priority)" displayName="Case Mix (By Priority)" parentSchemaName="hdn_case" parentDisplayName="Case" solution="Active" id="{129d32d5-3206-ea11-a811-000d3a530b47}" />
        <Dependent key="8" type="80" schemaName="hdn_BareBonesCRM" displayName="Bare Bones CRM" />
      </MissingDependency>
      <MissingDependency>
        <Required key="25" type="59" schemaName="Leads By Source Campaign" displayName="Leads By Source Campaign" parentSchemaName="hdn_lead" parentDisplayName="Lead" solution="Active" id="{1502fe80-b207-ea11-a811-000d3a530b47}" />
        <Dependent key="8" type="80" schemaName="hdn_BareBonesCRM" displayName="Bare Bones CRM" />
      </MissingDependency>
      <MissingDependency>
        <Required key="26" type="59" schemaName="Sales Pipeline" displayName="Sales Pipeline" parentSchemaName="hdn_opportunity" parentDisplayName="Opportunity" solution="Active" id="{d3277625-a207-ea11-a811-000d3a530b47}" />
        <Dependent key="8" type="80" schemaName="hdn_BareBonesCRM" displayName="Bare Bones CRM" />
      </MissingDependency>
      <MissingDependency>
        <Required key="27" type="59" schemaName="Top Customers" displayName="Top Customers" parentSchemaName="hdn_opportunity" parentDisplayName="Opportunity" solution="Active" id="{e8faa4e8-a807-ea11-a811-000d3a530b47}" />
        <Dependent key="8" type="80" schemaName="hdn_BareBonesCRM" displayName="Bare Bones CRM" />
      </MissingDependency>
      <MissingDependency>
        <Required key="28" type="59" schemaName="Top Opportunities" displayName="Top Opportunities" parentSchemaName="hdn_opportunity" parentDisplayName="Opportunity" solution="Active" id="{117f85b3-a807-ea11-a811-000d3a530b47}" />
        <Dependent key="8" type="80" schemaName="hdn_BareBonesCRM" displayName="Bare Bones CRM" />
      </MissingDependency>
      <MissingDependency>
        <Required key="4" type="59" schemaName="Case Resolution Trend" displayName="Case Resolution Trend" parentSchemaName="hdn_case" parentDisplayName="Case" solution="Active" id="{3e29521b-3706-ea11-a811-000d3a530b47}" />
        <Dependent key="8" type="80" schemaName="hdn_BareBonesCRM" displayName="Bare Bones CRM" />
      </MissingDependency>
      <MissingDependency>
        <Required key="6" type="59" schemaName="Case Mix (By Case Type)" displayName="Case Mix (By Case Type)" parentSchemaName="hdn_case" parentDisplayName="Case" solution="Active" id="{d683ade6-3206-ea11-a811-000d3a530b47}" />
        <Dependent key="8" type="80" schemaName="hdn_BareBonesCRM" displayName="Bare Bones CRM" />
      </MissingDependency>
      <MissingDependency>
        <Required key="29" type="60" displayName="Account Reference Panel" parentDisplayName="Account" solution="msdynce_AppCommon (9.0.4.0066)" id="{098ae145-1567-41ec-8398-86dbaac70c9b}" />
        <Dependent key="8" type="80" schemaName="hdn_BareBonesCRM" displayName="Bare Bones CRM" />
      </MissingDependency>
      <MissingDependency>
        <Required key="30" type="60" displayName="account contact card" parentDisplayName="Contact" solution="msdynce_AppCommon (9.0.4.0066)" id="{29de27bc-a257-4f29-99cf-bab4a84e688f}" />
        <Dependent key="8" type="80" schemaName="hdn_BareBonesCRM" displayName="Bare Bones CRM" />
      </MissingDependency>
      <MissingDependency>
        <Required key="31" type="60" displayName="Appointment for Interactive experience" parentDisplayName="Appointment" solution="msdynce_Activities (9.0.1.2033)" id="{230cd27c-0ce0-4b52-9fe5-d7a5ed94ba4e}" />
        <Dependent key="8" type="80" schemaName="hdn_BareBonesCRM" displayName="Bare Bones CRM" />
      </MissingDependency>
      <MissingDependency>
        <Required key="32" type="60" displayName="Appointment quick create form." parentDisplayName="Appointment" solution="msdynce_Activities (9.0.1.2033)" id="{5895e983-598b-4834-80f9-68a4e9f4f744}" />
        <Dependent key="8" type="80" schemaName="hdn_BareBonesCRM" displayName="Bare Bones CRM" />
      </MissingDependency>
      <MissingDependency>
        <Required key="33" type="60" displayName="Information" parentDisplayName="Account" solution="msdynce_AppCommon (9.0.4.0066)" id="{b053a39a-041a-4356-acef-ddf00182762b}" />
        <Dependent key="8" type="80" schemaName="hdn_BareBonesCRM" displayName="Bare Bones CRM" />
      </MissingDependency>
      <MissingDependency>
        <Required key="34" type="60" displayName="Account Quick Create" parentDisplayName="Account" solution="msdynce_AppCommon (9.0.4.0066)" id="{c9e7ec2d-efca-4e4c-b3e3-f63c4bba5e4b}" />
        <Dependent key="8" type="80" schemaName="hdn_BareBonesCRM" displayName="Bare Bones CRM" />
      </MissingDependency>
      <MissingDependency>
        <Required key="35" type="60" displayName="Contact" parentDisplayName="Contact" solution="msdynce_AppCommon (9.0.4.0066)" id="{1fed44d1-ae68-4a41-bd2b-f13acac4acfa}" />
        <Dependent key="8" type="80" schemaName="hdn_BareBonesCRM" displayName="Bare Bones CRM" />
      </MissingDependency>
      <MissingDependency>
        <Required key="36" type="60" displayName="Sales Activity Dashboard" solution="Active" id="{e65d0ae3-b307-ea11-a811-000d3a530b47}" />
        <Dependent key="8" type="80" schemaName="hdn_BareBonesCRM" displayName="Bare Bones CRM" />
      </MissingDependency>
      <MissingDependency>
        <Required key="37" type="60" displayName="Social Profiles" parentDisplayName="Account" solution="msdynce_AppCommon (9.0.4.0066)" id="{2205c86d-ed88-4a2f-a447-3b86a8781f2e}" />
        <Dependent key="8" type="80" schemaName="hdn_BareBonesCRM" displayName="Bare Bones CRM" />
      </MissingDependency>
      <MissingDependency>
        <Required key="38" type="60" displayName="Appointment" parentDisplayName="Appointment" solution="msdynce_Activities (9.0.1.2033)" id="{549a8aa3-c349-4ab9-8bac-4873fa9a7a5c}" />
        <Dependent key="8" type="80" schemaName="hdn_BareBonesCRM" displayName="Bare Bones CRM" />
      </MissingDependency>
      <MissingDependency>
        <Required key="39" type="60" displayName="Account" parentDisplayName="Account" solution="msdynce_AppCommon (9.0.4.0066)" id="{8448b78f-8f42-454e-8e2a-f8196b0419af}" />
        <Dependent key="8" type="80" schemaName="hdn_BareBonesCRM" displayName="Bare Bones CRM" />
      </MissingDependency>
      <MissingDependency>
        <Required key="40" type="60" displayName="Account Hierarchy Tile Form" parentDisplayName="Account" solution="msdynce_AppCommon (9.0.4.0066)" id="{69cff312-cfb6-4289-9631-249ab85d2c62}" />
        <Dependent key="8" type="80" schemaName="hdn_BareBonesCRM" displayName="Bare Bones CRM" />
      </MissingDependency>
      <MissingDependency>
        <Required key="41" type="60" displayName="Account for Interactive experience" parentDisplayName="Account" solution="msdynce_AppCommon (9.0.4.0066)" id="{a72c7955-442b-4ea4-9499-b10cd18b4256}" />
        <Dependent key="8" type="80" schemaName="hdn_BareBonesCRM" displayName="Bare Bones CRM" />
      </MissingDependency>
      <MissingDependency>
        <Required key="42" type="60" displayName="account card" parentDisplayName="Account" solution="msdynce_AppCommon (9.0.4.0066)" id="{b028db32-3619-48a5-ac51-cf3f947b0ef3}" />
        <Dependent key="8" type="80" schemaName="hdn_BareBonesCRM" displayName="Bare Bones CRM" />
      </MissingDependency>
      <MissingDependency>
        <Required key="10" type="1" schemaName="hdn_casetype" displayName="Case Type" solution="Active" />
        <Dependent key="43" type="62" schemaName="hdn_BareBonesCRM" />
      </MissingDependency>
      <MissingDependency>
        <Required key="11" type="1" schemaName="hdn_campaign" displayName="Campaign" solution="Active" />
        <Dependent key="43" type="62" schemaName="hdn_BareBonesCRM" />
      </MissingDependency>
      <MissingDependency>
        <Required key="0" type="1" schemaName="hdn_case" displayName="Case" solution="Active" />
        <Dependent key="43" type="62" schemaName="hdn_BareBonesCRM" />
      </MissingDependency>
      <MissingDependency>
        <Required key="12" type="1" schemaName="hdn_lead" displayName="Lead" solution="Active" />
        <Dependent key="43" type="62" schemaName="hdn_BareBonesCRM" />
      </MissingDependency>
      <MissingDependency>
        <Required key="9" type="1" schemaName="hdn_opportunity" displayName="Opportunity" solution="Active" />
        <Dependent key="43" type="62" schemaName="hdn_BareBonesCRM" />
      </MissingDependency>
      <MissingDependency>
        <Required key="7" type="1" schemaName="hdn_prioritysetting" displayName="Priority Setting" solution="Active" />
        <Dependent key="43" type="62" schemaName="hdn_BareBonesCRM" />
      </MissingDependency>
    </MissingDependencies>
  </SolutionManifest>
</ImportExportXml>